<?xml version="1.0" encoding="UTF-8" standalone="no"?>

<beans xmlns="http://www.springframework.org/schema/beans"     
    xmlns:mvc="http://www.springframework.org/schema/mvc"     
        xmlns:context="http://www.springframework.org/schema/context"  
               xmlns:xsi="http://www.w3.org/2001/XMLSchema-instance"      
                  xsi:schemaLocation=" http://www.springframework.org/schema/beans   
                            http://www.springframework.org/schema/beans/spring-beans.xsd     
                                    http://www.springframework.org/schema/mvc           
                                      http://www.springframework.org/schema/mvc/spring-mvc.xsd  
                                         http://www.springframework.org/schema/context       
                                       http://www.springframework.org/schema/context/spring-context.xsd ">

    <mvc:annotation-driven />

    <mvc:resources mapping="/resources/**" location="/resources/" />
<!--registration for outer candidate-->
	<context:component-scan
		base-package="com.virtusa.recruitment.outercandidate.controller" />
	<context:component-scan
		base-package="com.virtusa.recruitment.outercandidate.dao" />
		<!--login for outer candidate-->
	<context:component-scan base-package="com.virtusa.recruitment.login.controller" />
	<context:component-scan base-package="com.virtusa.recruitment.login.dao" />
	<!--jobs-->
	<context:component-scan base-package="com.virtusa.recruitment.job.controller"/>
	<context:component-scan base-package="com.virtusa.recruitment.job.dao"/>
	<!-- interview -->
	<context:component-scan base-package="com.virtusa.recruitment.interview.controller"/>
	<context:component-scan base-package="com.virtusa.recruitment.interview.dao"/>
	<!-- accomodation -->
	<context:component-scan base-package="com.virtusa.recruitment.accomodation.dao"/>
	<context:component-scan base-package="com.virtusa.recruitment.accomodation.controller"/>
	<!--  feedback -->
	<context:component-scan base-package="com.virtusa.recruitment.feedback.controller"/>
	<context:component-scan base-package="com.virtusa.recruitment.feedback.dao"/> 
	<!-- hr -->
	<context:component-scan base-package="com.virtusa.recruitment.HrController"/>
	<context:component-scan base-package="com.virtusa.recruitment.hRdao"/>
	<!-- technology -->
	<context:component-scan base-package="com.virtusa.recruitment.technology.dao" />
	<context:component-scan base-package="com.virtusa.recruitment.technology.controller" />
	<bean
		class="org.springframework.web.servlet.view.InternalResourceViewResolver">
		<property name="prefix" value="/WEB-INF/jsp/" />
		<property name="suffix" value=".jsp" />
	</bean>

</beans>

	
