<?xml version="1.0" encoding="UTF-8"?>
<!DOCTYPE hibernate-configuration PUBLIC "-//Hibernate/Hibernate Configuration DTD 3.0//EN" "http://hibernate.sourceforge.net/hibernate-configuration-3.0.dtd">
<hibernate-configuration>
    <session-factory>
        <property name="hibernate.connection.driver_class">com.mysql.jdbc.Driver</property>
        <property name="hibernate.connection.url">jdbc:mysql://localhost:3306/virtusarecruitmentprocesssystem</property>
        <property name="hibernate.connection.username">root</property>
        <property name="hibernate.connection.password">1</property>
        <property name="hibernate.dialect">org.hibernate.dialect.MySQL5Dialect</property>
        <property name="show_sql">false</property>
        <property name="hibernate.hbm2ddl.auto">update</property>
         <property name="current_session_context_class">thread</property>
    
    <mapping class="com.virtusa.recruitment.outercandidate.model.Candidate"/>
    <mapping class="com.virtusa.recruitment.job.model.Jobs"/>
    <mapping class="com.virtusa.recruitment.interview.model.InterviewDetail"/>
     <mapping class = "com.virtusa.recruitment.accomodation.model.AccomodationDetail"/>
     <mapping class="com.virtusa.recruitment.hR.Hr"/>
    <!--  <mapping class="com.virtusa.recruitment.technology.model.Technology" /> -->
     <mapping class="com.virtusa.recruitment.feedback.model.Feedback" />
    </session-factory>
</hibernate-configuration>